,City,Lat,Lng,Max Temp,Humidity,Cloudiness,Wind Speed,Country,Date
0,Souillac,-20.5167,57.5167,294.46,81,13,4.78,MU,1631718069
1,Rikitea,-23.1203,-134.9692,296.25,73,64,7.59,PF,1631718277
2,Kaeo,-35.1,173.7833,288.89,97,100,3.03,NZ,1631718277
3,Busselton,-33.65,115.3333,284.31,83,100,9.22,AU,1631718277
4,Lebu,-37.6167,-73.65,284.33,68,1,2.07,CL,1631718278
5,Novo Aripuanã,-5.1206,-60.3797,309.53,35,24,1.63,BR,1631718278
6,Morón,-34.6534,-58.6198,291.49,39,0,2.24,AR,1631718278
7,Helena,46.5927,-112.0361,293.32,36,28,0.89,US,1631717884
8,Vao,-22.6667,167.4833,293.86,78,95,10.47,NC,1631718279
9,Alibag,18.6411,72.8792,301.19,84,98,4.9,IN,1631718279
10,Honningsvåg,70.9821,25.9704,280.01,81,75,2.57,NO,1631718279
11,East London,-33.0153,27.9116,290.93,57,100,8.42,ZA,1631718280
12,Cockburn Town,21.4612,-71.1419,301.61,78,91,6.83,TC,1631718280
13,Anloga,5.7947,0.8973,299.26,78,99,5.24,GH,1631718280
14,Dubai,25.2582,55.3047,309.31,56,0,3.6,AE,1631718232
15,Brønnøysund,65.4625,12.1997,288.15,55,0,4.12,NO,1631718281
16,Punta Arenas,-53.15,-70.9167,275.34,64,20,11.12,CL,1631718021
17,Mataura,-46.1927,168.8643,278.97,95,92,1.55,NZ,1631718281
18,Saint-Pierre,-21.3393,55.4781,295.97,70,0,4.63,RE,1631718282
19,Bengkulu,-3.8004,102.2655,298.57,88,16,3.16,ID,1631718282
20,Albany,42.6001,-73.9662,300.82,82,55,4.16,US,1631718022
21,Port Alfred,-33.5906,26.891,290.12,59,92,9.73,ZA,1631718282
22,Alice Springs,-23.7,133.8833,293.9,26,49,3.09,AU,1631718283
23,Orange Cove,36.6244,-119.3137,295.13,46,1,1.54,US,1631718283
24,Acaraú,-2.8856,-40.12,305.1,55,5,8.58,BR,1631718284
25,Saint George,37.1041,-113.5841,301.23,23,1,0.0,US,1631718038
26,Sakaiminato,35.55,133.2333,295.04,74,1,5.69,JP,1631718284
27,Dāmghān,36.1683,54.348,302.23,10,0,2.05,IR,1631718284
28,Thompson,55.7435,-97.8558,285.06,65,100,3.13,CA,1631718097
29,Torbay,47.6666,-52.7314,286.42,70,93,0.89,CA,1631718285
30,Itarema,-2.9248,-39.9167,305.06,54,2,8.39,BR,1631718285
31,Otradnoye,59.7775,30.8181,282.18,86,73,3.18,RU,1631718290
32,Cabo San Lucas,22.8909,-109.9124,300.66,83,1,0.45,MX,1631718012
33,Tuktoyaktuk,69.4541,-133.0374,277.68,75,11,3.02,CA,1631718291
34,Bluff,-46.6,168.3333,279.15,78,63,5.78,NZ,1631718291
35,Upernavik,72.7868,-56.1549,272.94,94,100,7.63,GL,1631718291
36,Arraial do Cabo,-22.9661,-42.0278,300.07,69,0,2.06,BR,1631718292
37,Karwar,14.8,74.1333,298.58,86,81,2.2,IN,1631718292
38,Qaanaaq,77.484,-69.3632,264.64,74,10,4.02,GL,1631718292
39,Atuona,-9.8,-139.0333,298.49,75,60,11.45,PF,1631718293
40,Ixtapa,20.7,-105.2,299.39,89,90,0.0,MX,1631718293
41,Honiara,-9.4333,159.95,297.91,88,100,1.95,SB,1631718209
42,Aswān,24.0934,32.907,311.82,15,0,7.89,EG,1631718294
43,Saint Paul Harbor,57.79,-152.4072,281.88,76,90,2.57,US,1631718294
44,Yumen,40.2833,97.2,293.92,28,0,4.11,CN,1631718294
45,Boyolangu,-8.1181,111.8935,296.95,93,70,1.2,ID,1631718295
46,Zaysan,47.4667,84.8667,288.7,18,50,2.53,KZ,1631718295
47,Jamestown,42.097,-79.2353,294.87,95,100,1.34,US,1631717999
48,Rundu,-17.9333,19.7667,308.91,6,9,1.97,NA,1631718295
49,Phanat Nikhom,13.4458,101.1844,300.31,95,98,2.6,TH,1631718296
50,Bethel,41.3712,-73.414,300.43,81,75,4.12,US,1631718057
51,Mount Gambier,-37.8333,140.7667,281.66,76,88,3.02,AU,1631718296
52,Benjamin Constant,-4.3831,-70.0311,303.22,78,0,2.57,BR,1631718296
53,Norfolk,42.1668,-71.2495,300.78,82,40,1.34,US,1631718297
54,Mossamedes,-15.1961,12.1522,293.45,72,18,5.36,AO,1631718297
55,Dicabisagan,17.0818,122.4157,299.22,89,12,1.39,PH,1631718297
56,Longyearbyen,78.2186,15.6401,275.06,69,20,1.03,SJ,1631718189
57,Vallenar,-28.5708,-70.7581,292.04,41,0,2.25,CL,1631718298
58,Lavrentiya,65.5833,-171.0,275.92,79,93,3.83,RU,1631718298
59,Nikolskoye,59.7035,30.7861,282.09,87,80,3.12,RU,1631718299
60,Butaritari,3.0707,172.7902,300.81,77,51,5.29,KI,1631718299
61,Saskylakh,71.9167,114.0833,279.27,96,100,6.28,RU,1631718299
62,Acapulco de Juárez,16.8634,-99.8901,299.93,79,92,0.97,MX,1631718024
63,Te Anau,-45.4167,167.7167,273.54,96,77,0.63,NZ,1631718300
64,Goya,-29.14,-59.2626,293.56,23,0,2.46,AR,1631718300
65,Ushuaia,-54.8,-68.3,272.76,64,86,7.2,AR,1631718115
66,Makakilo City,21.3469,-158.0858,296.01,87,90,2.57,US,1631718162
67,Mercedes,-34.6515,-59.4307,291.58,42,0,4.33,AR,1631718300
68,Riyadh,24.6877,46.7219,309.23,12,74,6.26,SA,1631718301
69,Tasiilaq,65.6145,-37.6368,279.24,99,100,3.95,GL,1631718301
70,Mathathane,-22.2687,28.7495,308.59,13,0,2.91,BW,1631718302
71,Ust-Kuyga,70.0167,135.6,279.3,75,97,1.26,RU,1631718304
72,Villa Carlos Paz,-31.4241,-64.4978,292.53,22,0,0.89,AR,1631718304
73,Chalmette,29.9427,-89.9634,299.18,79,90,1.79,US,1631718305
74,Ribeira Grande,38.5167,-28.7,296.37,73,40,2.57,PT,1631718305
75,Cherskiy,68.75,161.3,273.0,83,98,6.42,RU,1631718306
76,Hasaki,35.7333,140.8333,293.37,80,3,7.45,JP,1631718306
77,Kieta,-6.2167,155.6333,298.31,79,100,2.78,PG,1631718306
78,Narendranagar,30.1667,78.3,292.93,91,48,0.74,IN,1631718307
79,Hermanus,-34.4187,19.2345,290.32,65,25,3.37,ZA,1631718251
80,Udachny,66.4167,112.4,276.74,76,67,3.29,RU,1631718307
81,Kapaa,22.0752,-159.319,297.33,59,75,7.2,US,1631718308
82,Bambous Virieux,-20.3428,57.7575,294.38,78,14,4.57,MU,1631718308
83,Altay,47.8667,88.1167,286.69,16,66,2.9,CN,1631718309
84,Cayenne,4.9333,-52.3333,306.17,74,0,1.79,GF,1631718268
85,Lima,-12.0432,-77.0282,290.32,82,61,2.98,PE,1631718025
86,Eyl,7.9803,49.8164,301.51,64,98,10.01,SO,1631718138
87,Alta Floresta,-9.8756,-56.0861,309.11,37,24,0.41,BR,1631718309
88,Provincia di Imperia,43.9667,7.7833,296.57,86,98,2.8,IT,1631718310
89,Airai,-8.9266,125.4092,288.72,88,27,1.2,TL,1631718310
90,Katsuura,35.1333,140.3,295.21,85,35,6.02,JP,1631718311
91,Salym,60.0625,71.4789,279.88,98,100,3.42,RU,1631718311
92,Bougouni,11.417,-7.479,302.83,66,81,2.26,ML,1631718311
93,Nome,64.5011,-165.4064,279.19,93,40,0.0,US,1631718312
94,Tuatapere,-46.1333,167.6833,279.16,87,76,1.95,NZ,1631718312
95,São Filipe,14.8961,-24.4956,301.22,75,100,3.61,CV,1631718313
96,Nizwá,22.9333,57.5333,307.76,20,100,2.22,OM,1631718313
97,Manassas Park,38.784,-77.4697,302.55,69,1,1.34,US,1631718313
98,Vaini,-21.2,-175.2,296.24,100,20,2.06,TO,1631718313
99,Abhā,18.2164,42.5053,296.29,33,40,4.63,SA,1631718314
100,Alofi,-19.0595,-169.9187,298.47,72,65,7.74,NU,1631718314
101,Port Elizabeth,-33.918,25.5701,288.76,55,94,7.59,ZA,1631718017
102,Los Llanos de Aridane,28.6585,-17.9182,297.01,78,75,6.17,ES,1631718315
103,Mar del Plata,-38.0023,-57.5575,290.16,42,0,9.77,AR,1631718315
104,Zhuhai,22.2769,113.5678,304.66,74,0,5.14,CN,1631718316
105,Dandong,40.1292,124.3947,289.57,89,58,1.37,CN,1631718317
106,Lamar,33.6668,-95.5836,298.24,78,6,4.24,US,1631718317
107,Mezhdurechenskiy,59.6,65.9333,283.5,99,100,0.92,RU,1631718317
108,New Norfolk,-42.7826,147.0587,278.1,70,94,0.62,AU,1631718318
109,Great Yarmouth,52.6083,1.7305,292.84,76,1,7.3,GB,1631718129
110,Klaksvík,62.2266,-6.589,287.66,82,100,1.29,FO,1631718319
111,Bredasdorp,-34.5322,20.0403,289.42,60,71,4.67,ZA,1631718319
112,Port Hedland,-20.3167,118.5667,296.18,64,8,4.12,AU,1631718320
113,Folldal,62.1325,9.9968,285.17,67,100,2.24,NO,1631718320
114,Ostrovnoy,68.0531,39.5131,278.67,82,35,6.2,RU,1631718321
115,Hilo,19.7297,-155.09,299.42,68,1,3.6,US,1631718321
116,Grand Gaube,-20.0064,57.6608,294.47,78,7,3.13,MU,1631718321
117,College,64.8569,-147.8028,277.16,85,20,0.0,US,1631718322
118,Kaitangata,-46.2817,169.8464,278.62,87,55,3.91,NZ,1631718322
119,Zunyi,27.6867,106.9072,293.99,95,86,1.83,CN,1631718316
120,Truth or Consequences,33.1284,-107.2528,296.43,48,1,5.14,US,1631718144
121,Castro,-24.7911,-50.0119,294.03,81,99,2.18,BR,1631718323
122,Comé,6.4076,1.882,298.1,85,100,3.93,BJ,1631718323
123,Rurrenabaque,-14.4413,-67.5278,303.61,50,66,1.8,BO,1631718323
124,Oruzgan,32.8333,66.0,297.05,9,0,2.26,AF,1631718324
125,Margate,51.3813,1.3862,292.45,74,29,2.3,GB,1631718324
126,Clyde River,70.4692,-68.5914,272.47,55,4,2.32,CA,1631718325
127,Vardø,70.3705,31.1107,279.01,93,75,4.12,NO,1631718189
128,Aiken,33.5835,-81.5998,301.54,83,40,2.57,US,1631718325
129,Terekli-Mekteb,44.1671,45.8698,300.58,28,0,5.69,RU,1631718326
130,Vila,42.0304,-8.1588,292.98,70,76,2.08,PT,1631718326
131,Barrow,71.2906,-156.7887,276.16,93,90,5.66,US,1631718151
132,Awjilah,29.1081,21.2869,305.26,20,0,5.21,LY,1631718288
133,Usinsk,65.9939,57.5281,279.59,79,100,5.33,RU,1631718327
134,Cape Town,-33.9258,18.4232,290.44,55,6,0.89,ZA,1631718327
135,Nacala,-14.5428,40.6728,298.62,65,16,4.25,MZ,1631718328
136,George Town,5.4112,100.3354,301.42,80,20,0.0,MY,1631718328
137,Tual,-5.6667,132.75,300.44,82,98,7.41,ID,1631718329
138,Sawākin,19.1059,37.3321,307.02,43,79,5.63,SD,1631718329
139,Makokou,0.5738,12.8642,301.97,63,51,1.19,GA,1631718329
140,Isangel,-19.55,169.2667,296.72,89,91,3.21,VU,1631718330
141,Il’inskiy,55.619,38.1182,285.99,44,0,5.0,RU,1631718330
142,Saint-Leu,-21.15,55.2833,295.63,73,21,1.51,RE,1631718331
143,Dukat,62.55,155.55,276.44,77,87,1.5,RU,1631718331
144,Uíge,-7.6087,15.0613,299.66,64,56,1.18,AO,1631718331
145,Oistins,13.0667,-59.5333,305.2,66,40,6.69,BB,1631718332
146,Codrington,-38.2667,141.9667,282.22,72,100,3.17,AU,1631718332
147,Hubli,15.35,75.1667,294.92,91,44,4.8,IN,1631718332
148,Naze,28.3667,129.4833,299.33,85,100,6.83,JP,1631718332
149,Lensk,60.7253,114.9278,277.28,95,29,1.73,RU,1631718333
150,San Patricio,28.017,-97.5169,300.38,74,93,4.84,US,1631718333
151,Kahului,20.8947,-156.47,295.74,78,1,0.0,US,1631718333
152,Ürümqi,43.801,87.6005,295.68,27,0,4.0,CN,1631717882
153,Rudnogorsk,57.2639,103.7519,274.43,77,81,1.8,RU,1631718334
154,Hithadhoo,-0.6,73.0833,300.65,75,79,3.2,MV,1631718334
155,Union,40.6334,-74.2663,302.69,76,40,2.06,US,1631718334
156,Charagua,-19.8,-63.2167,289.75,43,100,2.54,BO,1631718335
157,Aklavik,68.2191,-135.0107,279.86,75,73,2.28,CA,1631718335
158,Mahébourg,-20.4081,57.7,294.4,78,13,4.71,MU,1631718070
159,Faanui,-16.4833,-151.75,299.14,68,4,8.13,PF,1631718335
160,Polovinnoye,54.7914,65.9864,289.55,36,97,4.01,RU,1631718336
161,Wasilla,61.5814,-149.4394,280.83,93,90,0.0,US,1631718233
162,San Miguel de Tucumán,-26.8241,-65.2226,294.27,21,0,1.71,AR,1631718336
163,Colares,38.7992,-9.4469,297.58,72,40,1.54,PT,1631718233
164,Ileza,61.0533,43.9002,277.33,95,99,3.24,RU,1631718337
165,Opuwo,-18.0607,13.84,305.55,12,3,6.2,NA,1631718337
166,Khorinsk,52.1657,109.7726,279.97,61,21,1.26,RU,1631718337
167,Kollam,8.8833,76.6,300.08,89,8,4.04,IN,1631718338
168,Tolga,34.7222,5.3785,310.91,16,87,5.98,DZ,1631718338
169,Tiksi,71.6872,128.8694,277.18,94,100,4.05,RU,1631718339
170,Port-Gentil,-0.7193,8.7815,298.45,82,89,5.35,GA,1631718339
171,San Quintín,30.4833,-115.95,294.24,75,0,4.44,MX,1631718339
172,Huarmey,-10.0681,-78.1522,292.25,73,75,4.55,PE,1631718340
173,Tautira,-17.7333,-149.15,296.16,74,20,6.98,PF,1631718340
174,São João da Barra,-21.6403,-41.0511,304.2,73,20,4.14,BR,1631718308
175,Kalabo,-14.97,22.6814,310.13,10,85,1.74,ZM,1631718341
176,Avarua,-21.2078,-159.775,296.18,88,75,3.09,CK,1631718341
177,Itoman,26.1247,127.6694,302.16,79,40,7.72,JP,1631718341
178,Griffith,41.5284,-87.4237,296.19,61,1,0.45,US,1631718342
179,Saint-Philippe,-21.3585,55.7679,295.92,84,54,5.62,RE,1631718343
180,San Onofre,9.7359,-75.5263,300.33,83,100,2.44,CO,1631718343
181,Lakselv,70.0513,24.9718,281.05,71,75,1.03,NO,1631718343
182,Kontagora,10.3999,5.4695,301.94,68,89,1.89,NG,1631718343
183,Hambantota,6.1241,81.1185,301.34,89,20,4.63,LK,1631718344
184,Iracoubo,5.4802,-53.2011,303.41,63,5,3.51,GF,1631718073
185,Guerrero Negro,27.9769,-114.0611,295.37,76,1,6.23,MX,1631718345
186,Mangai,-4.05,19.5333,306.42,37,85,1.74,CD,1631718345
187,Varkaus,62.3153,27.873,280.54,68,100,3.07,FI,1631718346
188,‘Āhuimanu,21.4447,-157.8378,297.99,79,75,2.06,US,1631718346
189,Saint-Joseph,-21.3667,55.6167,295.36,80,29,4.25,RE,1631718347
190,Stary Krym,45.0333,35.1,294.39,43,67,3.37,UA,1631718347
191,Ascension,30.2169,-90.9001,300.15,97,63,3.58,US,1631718347
192,Nsukka,6.8561,7.3927,300.66,69,93,0.93,NG,1631718348
193,Dedovichi,57.5517,29.9502,283.16,61,75,4.55,RU,1631718348
194,Rome,43.2128,-75.4557,299.21,88,90,2.57,US,1631718144
195,Rio de Janeiro,-22.9028,-43.2075,309.99,64,20,7.72,BR,1631718203
196,Rovenki,48.0833,39.3776,292.13,21,0,3.37,UA,1631718349
197,Narsaq,60.9167,-46.05,278.27,37,0,1.5,GL,1631718071
198,Sitka,57.0531,-135.33,282.09,93,75,2.06,US,1631718349
199,Haines Junction,60.7522,-137.5108,277.53,87,100,1.46,CA,1631718349
200,Cidreira,-30.1811,-50.2056,289.46,49,1,5.18,BR,1631718350
201,Martyush,56.4,61.8819,287.31,82,100,4.08,RU,1631718350
202,Nyírtelek,48.0167,21.6333,302.18,33,5,2.66,HU,1631718350
203,Talnakh,69.4865,88.3972,277.25,90,100,2.98,RU,1631718351
204,Utete,-7.986,38.758,301.48,53,99,4.48,TZ,1631718351
205,Yaya,56.206,86.44,282.39,98,100,1.87,RU,1631718351
206,Portland,45.5234,-122.6762,290.16,70,75,0.89,US,1631718147
207,Douentza,14.9951,-2.9517,309.22,34,64,4.96,ML,1631718352
208,Porto Santo,33.072,-16.3415,301.1,69,40,6.17,PT,1631718352
209,Altayskoye,51.9533,85.3325,286.58,55,77,1.53,RU,1631718353
210,Mount Isa,-20.7333,139.5,289.02,33,7,0.0,AU,1631718069
211,Bereket,39.2446,55.5154,304.0,40,0,2.36,TM,1631718353
212,Hay River,60.8156,-115.7999,284.13,93,75,5.14,CA,1631718353
213,Narrabri,-30.3167,149.7833,282.2,71,0,4.12,AU,1631718354
214,Cururupu,-1.8283,-44.8683,303.99,59,22,3.66,BR,1631718354
215,Carauari,-4.8828,-66.8958,306.46,47,58,1.54,BR,1631718354
216,Praia,14.9215,-23.5087,303.45,66,75,6.17,CV,1631718331
217,Rahimatpur,17.6,74.2,294.64,90,93,3.05,IN,1631718355
218,Nanortalik,60.1432,-45.2371,277.83,69,0,2.05,GL,1631718355
219,Hofn,64.2539,-15.2082,285.16,94,90,1.54,IS,1631718355
220,Korla,41.7597,86.1469,298.22,28,0,2.06,CN,1631718356
221,Lorengau,-2.0226,147.2712,299.94,80,98,5.51,PG,1631718356
222,Constitución,-35.3333,-72.4167,286.81,51,4,3.23,CL,1631718356
223,Kondinskoye,59.6481,67.41,283.47,99,100,2.59,RU,1631718360
224,Kalmunai,7.4167,81.8167,303.52,67,96,2.36,LK,1631718360
225,Timrå,62.487,17.3257,285.99,71,42,4.63,SE,1631718360
226,Sioux Lookout,50.1001,-91.917,286.71,64,2,1.86,CA,1631718361
227,Chokurdakh,70.6333,147.9167,270.31,87,17,1.47,RU,1631718361
228,Port Lincoln,-34.7333,135.8667,286.18,81,1,8.13,AU,1631718362
229,Srednekolymsk,67.45,153.6833,278.57,82,97,5.17,RU,1631718362
230,Puerto Ayora,-0.7393,-90.3518,292.9,92,88,0.89,EC,1631718362
231,Coyhaique,-45.5752,-72.0662,285.49,58,40,2.06,CL,1631718252
232,Douglas,41.3,-96.167,294.34,81,1,1.79,US,1631718363
233,Sambava,-14.2667,50.1667,296.29,83,66,5.52,MG,1631718363
234,Laas,46.6166,10.7002,294.83,87,100,1.5,IT,1631718364
235,Lerwick,60.1545,-1.1494,287.15,85,100,5.62,GB,1631718364
236,Celestún,20.8667,-90.4,301.25,72,100,4.67,MX,1631718364
237,Stykkisholmur,65.0757,-22.7297,282.7,63,62,0.58,IS,1631718365
238,Verāval,20.9,70.3667,300.56,92,99,5.72,IN,1631718365
239,Evensk,61.95,159.2333,278.94,80,100,1.31,RU,1631718366
240,Camopi,3.1655,-52.3158,307.32,40,13,1.6,GF,1631718366
241,Mormugao,15.4,73.8,299.29,83,100,3.59,IN,1631718366
242,Bukama,-9.2,25.85,308.33,25,76,0.81,CD,1631718367
243,Tutóia,-2.7619,-42.2744,305.14,57,5,6.63,BR,1631718367
244,Waingapu,-9.6567,120.2641,299.36,80,99,2.41,ID,1631718367
245,Kysyl-Syr,63.8986,122.7617,276.52,95,80,1.8,RU,1631718368
246,Provideniya,64.3833,-173.3,276.85,90,100,3.04,RU,1631718368
247,Kumul,42.8,93.45,298.95,16,0,2.77,CN,1631718368
248,Hirara,24.8,125.2833,301.5,77,34,3.48,JP,1631718369
249,Jasrāna,27.25,78.6833,298.73,82,95,7.4,IN,1631718369
250,Salalah,17.0151,54.0924,301.2,89,90,3.6,OM,1631718370
251,Praia da Vitória,38.7333,-27.0667,297.46,75,10,1.76,PT,1631718370
252,Olafsvik,64.8945,-23.7142,281.99,65,45,2.52,IS,1631718370
253,Chui,-33.6971,-53.4616,287.43,52,0,3.14,UY,1631718370
254,Ilulissat,69.2167,-51.1,273.16,74,90,6.17,GL,1631718371
255,Birao,10.2849,22.7882,303.34,66,59,1.9,CF,1631718371
256,Beringovskiy,63.05,179.3167,278.41,80,97,5.61,RU,1631718372
257,Burla,21.5,83.8667,300.56,96,100,1.74,IN,1631718372
258,Okha,53.5739,142.9478,283.77,80,0,4.29,RU,1631718372
259,Marsá Maţrūḩ,31.3525,27.2453,299.42,56,0,7.94,EG,1631718373
260,Taoudenni,22.6783,-3.9836,317.83,9,25,2.5,ML,1631718373
261,Natal,-5.795,-35.2094,298.51,94,90,7.72,BR,1631718230
262,Lompoc,34.6391,-120.4579,286.77,94,90,0.0,US,1631717811
263,Cabatuan,10.8794,122.486,297.82,86,93,2.34,PH,1631718374
264,Mandera,3.9366,41.867,307.59,27,31,7.21,KE,1631718374
265,Camacha,33.0833,-16.3333,299.56,69,40,6.17,PT,1631718374
266,General Pico,-35.6566,-63.7568,291.14,32,0,4.71,AR,1631718097
267,Mananjary,-21.2167,48.3333,295.32,80,2,4.45,MG,1631718375
268,Bismarck,46.8083,-100.7837,291.41,79,1,4.63,US,1631717943
269,Quatre Cocos,-20.2078,57.7625,294.31,78,14,4.56,MU,1631718375
270,Carnarvon,-24.8667,113.6333,292.19,72,7,3.6,AU,1631718376
271,Languyan,5.2618,120.0807,298.69,85,57,0.56,PH,1631718376
272,Polewali,-3.4324,119.3435,297.49,88,82,1.28,ID,1631718376
273,Yeppoon,-23.1333,150.7333,284.03,62,0,1.09,AU,1631718377
274,Angoche,-16.2325,39.9086,298.86,70,4,6.11,MZ,1631718134
275,Bystrzyca Kłodzka,50.3018,16.6423,298.29,57,100,2.76,PL,1631718377
276,Norman Wells,65.282,-126.8329,279.98,94,100,0.98,CA,1631718232
277,Siguiri,11.6667,-9.5,300.0,76,100,1.14,GN,1631718377
278,Nishihara,26.1842,127.7558,301.75,79,40,7.72,JP,1631718378
279,Ambulu,-8.345,113.6058,297.36,94,99,1.2,ID,1631718378
280,Hobart,-42.8794,147.3294,278.3,87,93,4.63,AU,1631718378
281,Lagoa,39.05,-27.9833,294.22,68,7,1.66,PT,1631718187
282,Roebourne,-20.7833,117.1333,294.3,63,4,6.14,AU,1631718379
283,Semikarakorsk,47.5194,40.8112,298.6,27,9,5.83,RU,1631718379
284,Porto-Novo,6.4965,2.6036,300.57,73,98,3.74,BJ,1631718187
285,Pevek,69.7008,170.3133,272.34,85,99,5.2,RU,1631718380
286,Carutapera,-1.195,-46.02,303.68,62,18,4.58,BR,1631718380
287,Paamiut,61.994,-49.6678,276.4,61,0,9.75,GL,1631718381
288,Salaga,8.5508,-0.5188,300.17,83,95,2.08,GH,1631718381
289,Leningradskiy,69.3833,178.4167,270.04,96,95,0.69,RU,1631718381
290,Stende,57.15,22.5333,287.56,56,29,2.48,LV,1631718382
291,Berdigestyakh,62.0989,126.6992,280.42,97,100,3.58,RU,1631718382
292,Tucumã,-0.1833,-50.05,305.53,52,0,3.31,BR,1631718382
293,Ola,59.5833,151.2833,281.03,82,84,2.35,RU,1631718383
294,Khatanga,71.9667,102.5,279.82,80,100,3.29,RU,1631718383
295,Hong Kong,22.2855,114.1577,304.8,83,97,0.45,HK,1631718189
296,Bairiki Village,1.3292,172.9752,300.15,83,75,3.6,KI,1631718384
297,Khovd,48.0056,91.6419,287.09,28,4,1.13,MN,1631718384
298,Blairmore,49.6,-114.4353,286.77,65,4,2.55,CA,1631718385
299,Dhidhdhoo,6.8833,73.1,301.27,76,94,7.76,MV,1631718385
300,Newport,51.5877,-2.9984,296.57,73,16,3.24,GB,1631718386
301,Sulangan,11.1373,123.7228,302.45,72,95,2.49,PH,1631718386
302,Price,39.5994,-110.8107,291.74,32,1,0.0,US,1631718387
303,Kitimat,54.0524,-128.6534,282.54,72,100,0.89,CA,1631718387
304,Si Sa Ket,14.8333,104.3333,297.84,93,96,2.56,TH,1631718388
305,Shebalino,51.2917,85.6772,282.2,59,98,1.65,RU,1631718388
306,Madimba,-10.4,40.3333,298.48,73,37,3.99,TZ,1631718388
307,Victor Harbor,-35.5667,138.6167,285.32,77,2,3.02,AU,1631718389
308,Necochea,-38.5473,-58.7368,289.28,48,0,6.79,AR,1631718389
309,Dingle,10.9995,122.6711,298.02,86,100,2.21,PH,1631718390
310,Watsa,3.0372,29.5355,297.52,81,74,0.97,CD,1631718390
311,Iskateley,67.6803,53.1512,279.49,91,100,3.38,RU,1631718390
312,Beaufort,5.3473,115.7455,295.39,95,96,1.24,MY,1631718391
313,Labranzagrande,5.5622,-72.575,297.07,74,58,2.14,CO,1631718391
314,Atbasar,51.8,68.3333,289.33,60,36,5.83,KZ,1631718391
315,Vostok,46.4856,135.8833,280.29,79,61,1.99,RU,1631718392
316,Mayo,38.8876,-76.5119,302.93,72,1,1.34,US,1631718392
317,Ugoofaaru,5.6667,73.0,301.72,72,100,6.1,MV,1631718392
318,Benoy,8.9833,16.3199,303.38,64,30,1.52,TD,1631718393
319,Ayan,56.45,138.1667,287.78,66,8,2.24,RU,1631718393
320,Iquique,-20.2208,-70.1431,290.29,68,93,3.11,CL,1631718101
321,Nikolayevsk-on-Amur,53.1406,140.73,283.48,78,14,1.79,RU,1631718393
322,Gemeente Wageningen,51.9667,5.6667,294.32,82,90,2.57,NL,1631718394
323,Khani,41.9563,42.9566,292.91,92,28,1.62,GE,1631718394
324,Sharlyk,52.9167,54.75,287.41,65,70,4.91,RU,1631718395
325,Abū Zabad,12.35,29.25,305.51,43,91,1.26,SD,1631718395
326,Tāybād,34.74,60.7756,303.12,9,0,7.78,IR,1631718395
327,Escanaba,45.7453,-87.0646,292.02,70,1,3.6,US,1631718365
328,Constantine,36.365,6.6147,309.93,15,94,2.56,DZ,1631718396
329,Chimoio,-19.1164,33.4833,304.07,25,0,5.14,MZ,1631718396
330,Hovin,63.1055,10.225,288.68,59,38,1.76,NO,1631718396
331,Alexandria,31.2156,29.9553,299.91,58,0,6.49,EG,1631718199
332,Havre-St-Pierre,50.2334,-63.5986,283.35,81,90,6.69,CA,1631718397
333,Itaituba,-4.2761,-55.9836,310.35,31,1,1.93,BR,1631718397
334,Yellowknife,62.456,-114.3525,282.44,100,90,5.66,CA,1631717696
335,Lagos,6.5833,3.75,302.33,71,85,3.32,NG,1631717843
336,Krasne,49.9145,24.6134,295.79,58,41,0.59,UA,1631718398
337,Tilichiki,60.4667,166.1,275.12,80,8,2.27,RU,1631718398
338,Howard Springs,-12.497,131.047,300.1,95,40,2.66,AU,1631718398
339,Muisne,0.6,-80.0333,297.07,86,100,3.7,EC,1631718399
340,Hamilton,39.1834,-84.5333,296.62,91,90,0.0,US,1631717963
341,Moree,-29.4667,149.85,281.16,71,0,4.12,AU,1631718399
342,Shumyachi,53.8583,32.4242,286.45,49,2,4.26,RU,1631718399
343,Polokwane,-23.9045,29.4688,296.37,13,0,3.6,ZA,1631718400
344,Bayburt,40.2589,40.2278,295.08,25,2,3.98,TR,1631718400
345,Hervey Bay,-25.2986,152.8535,287.06,76,0,3.95,AU,1631718400
346,Piney Green,34.716,-77.3202,303.16,68,75,2.06,US,1631718401
347,Kavieng,-2.5744,150.7967,299.43,81,100,6.76,PG,1631718401
348,Methóni,36.8197,21.7049,302.71,68,0,7.66,GR,1631718264
349,Touros,-5.1989,-35.4608,298.65,61,16,8.02,BR,1631718245
350,Dikson,73.5069,80.5464,276.93,92,100,11.83,RU,1631718402
351,Sulphur Springs,33.1385,-95.6011,299.25,73,40,3.6,US,1631718402
352,Ponta do Sol,32.6667,-17.1,301.49,86,27,1.43,PT,1631718402
353,Puerto Nariño,-3.7703,-70.3831,303.12,44,11,1.47,CO,1631718403
354,Samarai,-10.6167,150.6667,298.65,80,98,7.68,PG,1631718403
355,Brae,60.3964,-1.353,287.1,85,100,5.17,GB,1631718190
356,Marawi,7.9986,124.2928,294.07,94,100,0.24,PH,1631718403
357,Mackay,-21.15,149.2,288.17,62,7,1.52,AU,1631718404
358,Austintown,41.1017,-80.7645,296.02,83,90,4.12,US,1631718404
359,Kudahuvadhoo,2.6708,72.8944,300.18,72,100,8.45,MV,1631718405
360,Kushima,31.4583,131.2333,298.45,93,100,2.87,JP,1631718405
361,Qiongshan,20.0058,110.3542,299.95,87,100,2.72,CN,1631718405
362,Şarkîkaraağaç,38.0794,31.3664,287.82,78,100,1.85,TR,1631718406
363,Bathsheba,13.2167,-59.5167,305.49,66,40,6.69,BB,1631718406
364,Bumba,2.1833,22.4667,304.82,48,21,1.23,CD,1631718406
365,Henties Bay,-22.116,14.2845,289.18,71,0,7.54,NA,1631718407
366,Byron Bay,-28.65,153.6167,289.19,82,24,5.96,AU,1631718407
367,Conceição da Barra,-18.5933,-39.7322,302.44,57,1,5.41,BR,1631718408
368,Geraldton,-28.7667,114.6,288.78,94,75,6.69,AU,1631718408
369,Kalamazoo,42.2506,-85.55,294.09,68,1,2.06,US,1631718408
370,Ancud,-41.8697,-73.8203,286.72,85,100,4.2,CL,1631718133
371,Lázaro Cárdenas,17.9583,-102.2,299.34,84,80,1.49,MX,1631718409
372,Nicolás Bravo,18.45,-88.9167,303.12,64,56,2.35,MX,1631718409
373,Takoradze,4.8845,-1.7554,298.67,83,100,4.22,GH,1631718409
374,Poole,50.7167,-2.0,296.51,61,40,1.34,GB,1631718335
375,Manta,-0.95,-80.7333,297.56,76,88,3.07,EC,1631718410
376,Atar,20.5169,-13.0499,314.07,15,35,7.04,MR,1631718410
377,Ramnagar,29.4,79.1167,296.41,98,61,1.33,IN,1631718411
378,Tubigan,8.5322,124.3122,298.65,83,100,2.56,PH,1631718411
379,Jumla,29.2747,82.1838,289.08,94,100,0.87,NP,1631718411
380,Port Augusta,-32.5,137.7667,285.77,57,0,2.69,AU,1631718412
381,Bull Savanna,17.8868,-77.5902,301.58,62,71,2.61,JM,1631718412
382,Les Cayes,18.2,-73.75,303.32,65,27,3.56,HT,1631718412
383,Nosy Varika,-20.5833,48.5333,295.26,79,10,3.88,MG,1631718413
384,Waipawa,-41.4122,175.5153,281.5,89,100,2.85,NZ,1631718413
385,Fortuna,40.5982,-124.1573,284.46,49,90,0.0,US,1631718413
386,La Ronge,55.1001,-105.2842,286.27,67,90,4.12,CA,1631718414
387,Portree,57.4129,-6.1942,287.51,90,100,1.89,GB,1631718414
388,Aleksandrovskoye,44.7142,43.0008,301.23,42,40,2.47,RU,1631718414
389,Katangli,51.7102,143.2326,281.41,86,3,3.94,RU,1631718415
390,Kiryat Gat,31.61,34.7642,301.38,14,1,5.42,IL,1631718242
391,Albert Lea,43.648,-93.3683,293.09,63,1,0.0,US,1631718415
392,Sharkan,57.2989,53.8712,281.02,88,42,5.19,RU,1631718416
393,Puerto Baquerizo Moreno,-0.9,-89.6,293.6,84,81,5.94,EC,1631718416
394,Pacific Grove,36.6177,-121.9166,287.32,94,31,0.45,US,1631718416
395,Faya,18.3851,42.4509,296.44,50,70,3.82,SA,1631718417
396,Mauá,-23.6678,-46.4614,295.04,77,97,4.36,BR,1631718417
397,Sakakah,29.9697,40.2064,307.64,17,0,3.45,SA,1631718417
398,Saint Anthony,45.0205,-93.218,292.58,67,1,1.34,US,1631718418
399,Natchez,31.5604,-91.4032,296.27,94,90,5.66,US,1631718379
400,Takahashi,34.7833,133.6167,291.03,92,71,1.74,JP,1631718418
401,Taltal,-25.4,-70.4833,289.9,62,0,3.45,CL,1631718419
402,Estelle,29.8458,-90.1067,299.82,78,90,5.14,US,1631718419
403,Pineville,31.3224,-92.4343,296.34,92,90,1.79,US,1631718268
404,Okhotsk,59.3833,143.3,284.19,75,18,1.8,RU,1631718419
405,Escárcega,18.6089,-90.7454,303.07,59,32,2.36,MX,1631718420
406,Cerrito,6.8432,-72.694,288.81,57,3,0.96,CO,1631718421
407,Boguchany,58.3814,97.4531,276.81,90,89,0.71,RU,1631718421
408,Buraidah,26.326,43.975,307.38,12,68,4.12,SA,1631718421
409,Deputatsky,69.3,139.9,277.56,80,100,1.6,RU,1631718422
410,Poum,-20.2333,164.0167,294.61,71,75,9.09,NC,1631718422
411,Varoška Rijeka,45.0847,16.0142,299.61,27,97,4.12,BA,1631718422
412,Lianran,24.9227,102.485,290.82,93,95,1.32,CN,1631718423
413,Luanda,-8.8368,13.2343,297.56,79,56,7.16,AO,1631718019
414,Lábrea,-7.2586,-64.7981,308.23,40,92,1.13,BR,1631718423
415,Sur,22.5667,59.5289,301.78,63,85,4.05,OM,1631718424
416,Oranjemund,-28.55,16.4333,287.22,64,0,10.15,NA,1631718424
417,Puerto Escondido,15.85,-97.0667,301.61,61,40,0.0,MX,1631718424
418,Morehead,37.2711,-87.1764,297.01,83,90,0.0,US,1631718424
419,Gawler,-34.6,138.7333,285.01,72,51,3.65,AU,1631718425
420,Kungurtug,50.5994,97.5228,279.17,57,13,1.06,RU,1631718126
421,Hauterive,46.0901,3.4459,298.57,73,68,2.63,FR,1631718425
422,Shimoda,34.6667,138.95,296.21,87,18,5.46,JP,1631718425
423,Kerman,30.2832,57.0788,299.74,5,0,5.03,IR,1631718426
424,Nouadhibou,20.931,-17.0347,297.21,74,7,11.27,MR,1631718426
425,Edd,13.9297,41.6925,307.09,49,9,7.72,ER,1631718427
426,Birkenfeld,48.8667,8.6333,294.55,84,100,2.76,DE,1631718427
427,Ketchikan,55.3422,-131.6461,282.41,87,90,1.54,US,1631718242
428,Padang,-0.9492,100.3543,299.18,85,96,1.9,ID,1631718275
429,Kavaratti,10.5669,72.642,300.96,80,52,7.13,IN,1631718427
430,Anadyr,64.75,177.4833,278.63,68,75,0.79,RU,1631718428
431,Berlevåg,70.8578,29.0864,279.15,70,20,1.54,NO,1631718428
432,Santiago del Estero,-27.7951,-64.2615,294.71,13,2,4.16,AR,1631718428
433,Meulaboh,4.1363,96.1285,298.99,79,100,1.25,ID,1631718429
434,Shingū,33.7333,135.9833,296.99,90,93,2.09,JP,1631718429
435,Pirgos,35.1167,25.7178,299.97,51,0,7.8,GR,1631718429
436,Phan Thiet,10.9333,108.1,298.51,89,66,0.52,VN,1631718430
437,Sidi Ali,36.0998,0.4206,297.12,66,93,6.65,DZ,1631718430
438,Ghanzi,-21.5667,21.7833,306.14,8,0,2.78,BW,1631718430
439,Melbu,68.5044,14.8297,284.38,58,0,3.09,NO,1631718431
440,Kaya,13.0917,-1.0844,301.71,58,99,6.19,BF,1631718431
441,Punta Alta,-38.8759,-62.0736,288.08,44,76,7.41,AR,1631718431
442,Tsogni,-2.7942,10.0988,298.68,80,93,4.01,GA,1631718432
443,Baillif,16.0202,-61.7463,302.87,74,71,6.56,GP,1631718432
444,Kambove,-10.8764,26.5969,304.8,18,93,1.86,CD,1631718432
445,Flinders,-34.5833,150.8552,285.26,87,31,3.84,AU,1631718433
446,Victoria Point,-27.5833,153.3,289.21,79,9,0.45,AU,1631718433
447,Kapoeta,4.7717,33.5903,305.43,35,96,2.97,SS,1631718434
448,Usol'ye,59.4268,56.6808,283.82,96,100,1.37,RU,1631718434
449,Saint-Augustin,51.226,-58.6502,281.2,55,100,3.94,CA,1631718434
450,Athabasca,54.7169,-113.2854,280.06,77,5,5.57,CA,1631718435
451,Mahibadhoo,3.7833,72.9667,300.73,70,100,7.19,MV,1631718435
452,Jinchang,38.4953,102.1739,291.07,60,76,3.14,CN,1631718435
453,Bubaque,11.2833,-15.8333,300.49,79,88,2.94,GW,1631718436
454,Rosaryville,38.7568,-76.8097,302.6,69,1,0.89,US,1631718436
455,PEMEX,18.4395,-96.3461,300.09,90,83,0.45,MX,1631718436
456,Nokaneng,-19.6667,22.2667,308.62,8,1,2.07,BW,1631718437
457,Antofagasta,-23.65,-70.4,287.75,62,13,4.83,CL,1631718437
458,Kattivākkam,13.2167,80.3167,304.2,75,78,3.26,IN,1631718437
459,Santa Maria,-29.6842,-53.8069,289.28,49,2,2.58,BR,1631718438
460,Dunedin,-45.8742,170.5036,280.82,66,32,0.89,NZ,1631718438
461,Praia,14.9215,-23.5087,303.45,66,75,6.17,CV,1631718438
462,Kasimov,54.9411,41.3953,281.51,82,100,3.95,RU,1631718438
463,Villa Rica,33.7321,-84.9191,297.98,91,100,0.9,US,1631718439
464,Fallon,39.4735,-118.7774,293.66,32,0,2.53,US,1631718439
465,Shitanjing,39.2342,106.3439,288.57,77,100,2.46,CN,1631718439
466,Lüderitz,-26.6481,15.1594,289.32,54,0,14.29,NA,1631718440
467,Teguise,29.0605,-13.564,298.27,65,40,1.54,ES,1631718440
468,Chapais,49.7834,-74.8492,283.03,89,100,4.03,CA,1631718166
469,Iqaluit,63.7506,-68.5145,276.49,70,100,5.13,CA,1631718441
470,Shimokizukuri,40.8061,140.3861,287.48,88,6,2.97,JP,1631718441
471,Abaetetuba,-1.7181,-48.8825,303.17,51,0,3.15,BR,1631718441
472,Koslan,63.4564,48.8989,277.86,91,100,3.78,RU,1631718442
473,Venado Tuerto,-33.7456,-61.9688,293.02,27,0,4.29,AR,1631718442
474,Nantucket,41.2835,-70.0995,300.16,89,90,7.2,US,1631718255
475,Comodoro Rivadavia,-45.8667,-67.5,290.07,36,20,11.83,AR,1631718442
476,Wanning,18.8003,110.3967,299.97,86,100,2.66,CN,1631718443
477,Viedma,-40.8135,-62.9967,291.61,24,5,6.12,AR,1631718443
478,Smoky Lake,54.1169,-112.4686,281.75,76,74,6.59,CA,1631718443
479,Benguela,-12.5763,13.4055,296.82,74,41,4.45,AO,1631718444
480,Shakawe,-18.3667,21.85,308.82,7,4,2.53,BW,1631718444
481,Sibolga,1.7427,98.7792,298.65,81,95,1.4,ID,1631718444
482,Tiznit Province,29.5833,-9.5,297.02,50,1,6.22,MA,1631718445
483,Kismayo,-0.3582,42.5454,298.83,82,50,7.0,SO,1631718445
484,Esperance,-33.8667,121.9,288.75,61,85,4.08,AU,1631718445
485,Patti,31.2808,74.8572,305.12,54,58,2.09,IN,1631718446
486,Bambanglipuro,-7.95,110.2833,297.67,91,98,1.74,ID,1631718446
487,Florø,61.5996,5.0328,291.19,72,75,2.06,NO,1631718446
488,Zhigansk,66.7697,123.3711,279.04,74,100,5.27,RU,1631718447
489,Gimli,50.6336,-96.9907,287.9,51,100,4.45,CA,1631718447
490,Miyako,39.6367,141.9525,290.1,87,100,3.02,JP,1631718447
491,Lang Suan,9.9456,99.0785,297.2,87,100,0.58,TH,1631718448
492,Erzin,36.9559,36.2,301.55,63,0,4.11,TR,1631718448
493,Kulhudhuffushi,6.6221,73.07,301.22,75,94,7.54,MV,1631718309
494,Baymak,52.5933,58.3225,288.08,59,100,4.74,RU,1631718448
495,Fare,-16.7,-151.0167,299.18,68,0,7.7,PF,1631718449
496,Chernyshevskiy,63.0128,112.4714,276.1,86,73,1.08,RU,1631718449
497,Staryy Nadym,65.6118,72.6842,279.99,89,82,3.56,RU,1631718449
498,Chifeng,42.2683,118.9636,289.7,88,100,1.64,CN,1631718250
499,Najrān,17.4924,44.1277,304.7,12,100,6.1,SA,1631718450
500,Arbuzynka,47.9097,31.3196,295.31,39,62,4.43,UA,1631718450
501,Ilhabela,-23.7781,-45.3581,298.53,80,50,2.8,BR,1631718450
502,Pandamatenga,-18.5278,25.627,306.65,14,0,3.1,BW,1631718450
503,Putyatino,54.16,41.1169,282.7,68,100,3.54,RU,1631718451
504,Kuytun,54.3419,101.5036,280.06,63,100,1.94,RU,1631718451
505,Pundaguitan,6.3711,126.1689,300.9,76,100,4.7,PH,1631718451
506,Severo-Kuril'sk,50.6789,156.125,282.28,89,13,3.64,RU,1631718452
507,Serebryansk,49.6925,83.2892,285.9,27,100,0.93,KZ,1631718452
508,Turukhansk,65.8167,87.9833,276.46,97,100,4.46,RU,1631718452
509,Aksu,41.1231,80.2644,296.05,38,81,1.76,CN,1631718453
510,Inzer,54.2167,57.5556,284.81,94,98,2.12,RU,1631718453
511,Ondjiva,-17.0667,15.7333,307.88,9,6,3.26,AO,1631718454
512,Sigli,5.3848,95.9609,300.11,79,100,0.95,ID,1631718454
513,Ca Mau,9.1769,105.15,297.52,90,98,2.34,VN,1631718454
514,Hobyo,5.3505,48.5268,299.39,77,100,11.85,SO,1631718455
515,Southbridge,42.0751,-72.0334,299.79,88,80,0.89,US,1631718455
516,Zyryanka,65.75,150.85,281.08,77,78,3.9,RU,1631718339
517,Chipinge,-20.1883,32.6236,302.66,23,0,3.74,ZW,1631718455
518,Kloulklubed,7.0419,134.2556,297.43,72,99,2.16,PW,1631718456
519,Dmitriyevskoye,45.8053,41.8967,300.3,34,0,2.34,RU,1631718456
520,Karymskoye,51.6167,114.35,280.02,68,2,2.16,RU,1631718456
521,De Aar,-30.6497,24.0123,292.12,18,0,5.63,ZA,1631718457
522,Richmond,37.5538,-77.4603,302.22,71,93,1.79,US,1631717802
523,Loíza,18.4313,-65.8802,304.24,80,75,1.54,PR,1631718457
524,Fort Saint James,54.4333,-124.25,276.66,68,62,1.68,CA,1631718457
525,Adet,11.2644,37.4888,289.58,85,49,1.41,ET,1631718458
526,Berck,50.4,1.6,293.42,72,75,5.14,FR,1631718458
527,Aracruz,-19.8203,-40.2733,302.71,33,1,3.44,BR,1631718458
528,Plettenberg Bay,-34.0527,23.3716,288.02,57,63,4.16,ZA,1631718459
529,Prado,-17.3411,-39.2208,301.11,62,2,6.95,BR,1631718459
530,Hualmay,-11.0964,-77.6139,291.33,74,73,3.98,PE,1631718459
531,Half Moon Bay,37.4636,-122.4286,289.14,90,90,0.0,US,1631718460
532,Vila do Maio,15.1333,-23.2167,303.59,78,95,6.33,CV,1631718460
533,Galesburg,40.9478,-90.3712,295.94,72,1,0.0,US,1631718460
534,Husavik,66.0449,-17.3389,285.67,54,17,0.5,IS,1631718461
535,Gitega Province,-3.5,29.95,300.06,31,78,4.79,BI,1631718462
536,Samsun Province,41.25,36.3333,291.57,94,75,2.57,TR,1631718462
537,Wajima,37.4,136.9,294.08,72,6,6.56,JP,1631718462
538,Pangody,65.85,74.4859,277.8,88,57,0.82,RU,1631718463
539,Shelburne,44.0787,-80.2041,290.79,72,94,3.59,CA,1631718463
540,Sieghartskirchen,48.2553,16.0122,300.91,59,88,2.67,AT,1631718463
541,Ahipara,-35.1667,173.1667,288.96,98,100,4.41,NZ,1631718464
542,Tiarei,-17.5333,-149.3333,296.16,74,8,7.68,PF,1631718464
543,Astoria,46.1879,-123.8313,287.02,85,1,0.45,US,1631718370
544,Ozernovskiy,51.5,156.5167,281.84,88,0,1.86,RU,1631718464
545,Montevideo,-34.8335,-56.1674,289.16,47,20,3.58,UY,1631718232
546,Grevená,40.0845,21.4274,301.81,20,30,1.63,GR,1631718465
547,Ko Samui,9.5357,99.9357,300.51,71,100,1.09,TH,1631718260
548,Sobolevo,54.4299,31.8996,285.69,54,5,4.51,RU,1631718465
549,Brasília de Minas,-16.2064,-44.4333,308.63,16,2,2.87,BR,1631718417
550,Srono,-8.4,114.2666,296.64,96,100,0.33,ID,1631718466
551,Whyalla,-33.0333,137.5833,282.09,76,0,1.54,AU,1631718466
552,Rocha,-34.4833,-54.3333,288.16,52,0,3.87,UY,1631718466
553,Wewak,-3.5534,143.6268,300.09,81,95,3.22,PG,1631718466
554,Pisco,-13.7,-76.2167,290.38,77,20,2.57,PE,1631718467
555,Laguna,38.421,-121.4238,297.73,79,1,0.89,US,1631718467
556,Kidal,18.4411,1.4078,311.57,19,50,5.76,ML,1631718467
557,Miramar,25.9873,-80.2323,305.38,71,40,3.09,US,1631718368
558,Oparino,59.8518,48.2783,277.85,95,100,3.19,RU,1631718468
559,Moose Factory,51.2585,-80.6094,286.14,94,90,4.63,CA,1631718468
560,San Andrés,12.5847,-81.7006,303.16,74,75,3.09,CO,1631718469
561,Belyy Yar,53.6039,91.3903,286.09,62,0,2.0,RU,1631718469
562,Soe,-9.8607,124.284,292.08,90,83,1.69,ID,1631718469
563,Darhan,49.4867,105.9228,285.41,78,5,3.02,MN,1631718469
564,Neyshabur,36.2133,58.7958,302.44,10,0,4.48,IR,1631718470
565,Quelimane,-17.8786,36.8883,299.9,61,18,5.29,MZ,1631718470
566,Söderhamn,61.3037,17.0592,284.81,64,89,2.41,SE,1631718470
567,Eston,51.1501,-108.7514,284.51,67,5,11.2,CA,1631718471
568,Siteki,-26.45,31.95,297.05,56,0,6.45,SZ,1631718471
569,Bāglung,28.2719,83.5898,292.89,92,100,1.76,NP,1631718472
570,Desbiens,48.4178,-71.9495,288.73,83,100,7.38,CA,1631718472
571,Babol,36.5513,52.679,297.18,72,0,2.0,IR,1631718472
572,Nelson Bay,-32.7167,152.15,285.99,91,51,5.16,AU,1631718473
573,Mbini,1.574,9.6134,300.05,77,75,3.89,GQ,1631718473
574,Cheney,47.4874,-117.5758,289.68,81,75,6.69,US,1631718473
575,Coronado,32.6859,-117.1831,294.82,84,75,2.06,US,1631718473
576,Dali,25.7,100.1833,290.65,90,100,1.94,CN,1631718474
577,Kardailovo,51.5386,53.9042,290.89,55,57,3.91,RU,1631718474
578,Pokhara,28.2333,83.9833,293.91,89,100,2.37,NP,1631718474
579,Zhezkazgan,47.8043,67.7144,292.06,27,20,2.96,KZ,1631718190
580,Greaca,44.1094,26.3394,301.51,25,12,3.2,RO,1631718475
581,Suntar,62.1444,117.6319,277.55,77,10,0.46,RU,1631718475
582,Kolosovka,56.4678,73.611,286.92,61,100,3.71,RU,1631718475
583,Batemans Bay,-35.7167,150.1833,283.26,88,82,2.54,AU,1631718476
584,Seymchan,62.8833,152.4333,281.38,65,100,3.36,RU,1631718476
585,Ladário,-19.0047,-57.6017,299.31,65,20,6.17,BR,1631718476
586,Mt. Pleasant,32.7941,-79.8626,303.23,78,20,1.34,US,1631718328
587,Yate,51.5407,-2.4184,296.53,71,10,2.54,GB,1631718477
588,Labuhan,-6.8844,112.2051,300.69,73,75,2.33,ID,1631718477
589,Lucea,18.451,-78.1736,303.63,71,100,1.15,JM,1631718477
